Adarsh Nagar,53,RAFEEK KHAN,Indian National Congress,ASHOK PARNAMI,Bharatiya Janata Party,12553                                             ,Result Declared,ASHOK PARNAMI,Bharatiya Janata Party,3803
Ahore,141,CHHAGANSINGH,Bharatiya Janata Party,SAVARAM PATEL,Indian National Congress,31048                                             ,Result Declared,SHANKAR SINGH RAJPUROHIT,Bharatiya Janata Party,9152
Ajmer North,100,VASUDEV DEVNANI,Bharatiya Janata Party,MAHENDRA SINGH RALAWATA,Indian National Congress,8630                                              ,Result Declared,VASUDEV DEVNANI,Bharatiya Janata Party,20479
Ajmer South,101,ANITA BHADEL,Bharatiya Janata Party,HEMANT BHATI,Indian National Congress,5700                                              ,Result Declared,ANITA BHADEL,Bharatiya Janata Party,23158
Alwar Rural,65,TIKA RAM JULLY,Indian National Congress,MASTER RAMKISHAN,Bharatiya Janata Party,26477                                             ,Result Declared,JAIRAM JATAV,Bharatiya Janata Party,26799
Alwar Urban,66,SANJAY SHARMA,Bharatiya Janata Party,SHWETA SAINI,Indian National Congress,22008                                             ,Result Declared,BANWARI LAL SINGHAL,Bharatiya Janata Party,62229
Amber,47,SATISH POONIA,Bharatiya Janata Party,PRASHANT SHARMA,Indian National Congress,13276                                             ,Result Declared,NAVIN PILANIA,National People’s Party,329
Anta,193,PRAMOD BHAYA,Indian National Congress,PRABHU LAL SAINI,Bharatiya Janata Party,34063                                             ,Result Declared,PRABHU LAL SAINI,Bharatiya Janata Party,3399
Anupgarh    ,6,SANTOSH,Bharatiya Janata Party,KULDEEP INDORA,Indian National Congress,21124                                             ,Result Declared,SHIMLA BAWRI,Bharatiya Janata Party,11146
Asind,177,JABBAR SINGH SANKHALA,Bharatiya Janata Party,MANISH MEWARA,Indian National Congress,154                                               ,Result Declared,RAM LAL GURJAR,Bharatiya Janata Party,27309
Aspur ,159,GOPICHAND MEENA,Bharatiya Janata Party,UMESH,Bhartiya Tribal Party,5330                                              ,Result Declared,GOPI CHAND MEENA,Bharatiya Janata Party,10504
Bagidora ,165,MAHENDRAJEET SINGH MALVIYA,Indian National Congress,KHEMRAJ GARASIYA,Bharatiya Janata Party,21310                                             ,Result Declared,MAHENDRAJEET SINGH MALVIYA,Indian National Congress,14325
Bagru ,56,GANGA DEVI,Indian National Congress,KAILASH CHAND VERMA,Bharatiya Janata Party,5343                                              ,Result Declared,KAILASH VERMA,Bharatiya Janata Party,46356
Bali,120,PUSHPENDRA SINGH,Bharatiya Janata Party,UMMED SINGH,Nationalist Congress Party,28187                                             ,Result Declared,PUSHAPENDRA SINGH,Bharatiya Janata Party,19588
Bamanwas,91,INDRA,Indian National Congress,NAWAL KISHORE MEENA,Independent,38513                                             ,Result Declared,KUNJI LAL,Bharatiya Janata Party,5662
Bandikui ,85,GAJRAJ KHATANA,Indian National Congress,RAM KISHOR SAINI,Bharatiya Janata Party,4764                                              ,Result Declared,ALKA SINGH,Bharatiya Janata Party,5777
Bansur,63,SHAKUNTALA RAWAT,Indian National Congress,DEVI SINGH SHEKHAWAT,Independent,17920                                             ,Result Declared,SHAKUNTLA RAWAT,Indian National Congress,23916
Banswara ,164,ARJUN SINGH BAMNIYA,Indian National Congress,HAKRU MAIDA,Bharatiya Janata Party,18366                                             ,Result Declared,DHAN SINGH RAWAT,Bharatiya Janata Party,30061
Baran-atru ,195,PANA CHAND MEGHWAL,Indian National Congress,BABOO LAL VERMA,Bharatiya Janata Party,12248                                             ,Result Declared,RAMPAL,Bharatiya Janata Party,20600
Bari,78,GIRRAJ SINGH,Indian National Congress,JASVANT SINGH,Bharatiya Janata Party,19683                                             ,Result Declared,GIRRAJ SINGH,Indian National Congress,2801
Bari sadri ,171,LALIT KUMAR OSTWAL,Bharatiya Janata Party,PRAKASH CHOUDHARY,Indian National Congress,8810                                              ,Result Declared,GAUTAM KUMAR,Bharatiya Janata Party,17261
Barmer,135,MEWARAM JAIN,Indian National Congress,COL. SONARAM CHOUDHARY (RETD),Bharatiya Janata Party,33047                                             ,Result Declared,MEWARAM JAIN,Indian National Congress,5913
Baseri ,77,KHILADI LAL BAIRWA,Indian National Congress,CHHITRIYA LAL JATAV,Bharatiya Janata Party,17556                                             ,Result Declared,RANI SILAUTIA,Bharatiya Janata Party,5748
Bassi ,57,LAXMAN MEENA,Independent,KANHAIYALAL,Bharatiya Janata Party,42764                                             ,Result Declared,ANJU DEVI DHANKA,Independent,11339
Bayana,76,AMAR SINGH,Indian National Congress,DR. RITU BANAWAT,Bharatiya Janata Party,6695                                              ,Result Declared,BACHCHU SINGH,Bharatiya Janata Party,5811
Baytu,136,HARISH CHOUDHARY,Indian National Congress,UMMEDA RAM,Rashtriya Loktantrik Party,13803                                             ,Result Declared,KAILASH CHOUDHARY,Bharatiya Janata Party,13974
Beawar,103,SHANKAR SINGH RAWAT,Bharatiya Janata Party,PARASMAL JAIN,Indian National Congress,4502                                              ,Result Declared,SHANKAR SINGH,Bharatiya Janata Party,42909
Begun,168,BIDHURI RAJENDRA SINGH,Indian National Congress,DR. SURESH DHAKER,Bharatiya Janata Party,1661                                              ,Result Declared,SURESH DHAKER,Bharatiya Janata Party,21298
Behror,62,BALJEET YADAV,Independent,RAMCHANDRA YADAV,Indian National Congress,3836                                              ,Result Declared,DR. JASWANT SINGH YADAV,Bharatiya Janata Party,18585
Bhadra,11,BALWAN POONIA,Communist Party of India  (Marxist),SANJEEV KUMAR,Bharatiya Janata Party,23153                                             ,Result Declared,SANJEEV KUMAR,Bharatiya Janata Party,26488
Bharatpur,73,DR. SUBHASH GARG,Rashtriya Lok Dal,VIJAY BANSAL(PAPPU BANDA),Bharatiya Janata Party,15710                                             ,Result Declared,VIJAY BANSAL (PAPPU BANDA),Bharatiya Janata Party,22694
Bhilwara,180,VITTHAL SHANKAR AWASTHI,Bharatiya Janata Party,OM PRAKASH NARANIWAL,Independent,49578                                             ,Result Declared,VITTHAL SHANKAR AVASTHI,Bharatiya Janata Party,46116
Bhim ,173,SUDARSHAN SINGH RAWAT,Indian National Congress,HARI SINGH CHOUHAN (RAWAT),Bharatiya Janata Party,3714                                              ,Result Declared,HARI SINGH RAWAT (PANNA SINGH),Bharatiya Janata Party,18451
Bhinmal,143,POORARAM CHOUDHARY,Bharatiya Janata Party,SAMARJIT SINGH,Indian National Congress,9646                                              ,Result Declared,POORA RAM CHOUDHARY,Bharatiya Janata Party,40191
Bhopalgarh ,126,PUKHRAJ,Rashtriya Loktantrik Party,BHANWARLAL BALAI,Indian National Congress,4962                                              ,Result Declared,KAMASA,Bharatiya Janata Party,35810
Bikaner East,14,SIDDHI KUMARI,Bharatiya Janata Party,KANHAIYA LAL JHANWAR,Indian National Congress,7061                                              ,Result Declared,SIDDHI KUMARI,Bharatiya Janata Party,31677
Bikaner West,13,BULAKI DAS KALLA,Indian National Congress,GOPAL KRISHN,Bharatiya Janata Party,6190                                              ,Result Declared,GOPAL KRISHNA,Bharatiya Janata Party,6424
Bilara ,131,HEERARAM,Indian National Congress,ARJUN LAL,Bharatiya Janata Party,9618                                              ,Result Declared,ARJUNLAL,Bharatiya Janata Party,35941
Bundi,186,ASHOK DOGRA,Bharatiya Janata Party,HARIMOHAN SHARMA,Indian National Congress,713                                               ,Result Declared,ASHOK DOGRA,Bharatiya Janata Party,27636
Chaksu   ,58,VED PRAKASH SOLANKI,Indian National Congress,RAMAVATAR BAIRWA,Bharatiya Janata Party,3431                                              ,Result Declared,LAXMINARAIN BAIRWA,Bharatiya Janata Party,12358
Chhabra,196,PRATAP SINGH,Bharatiya Janata Party,KARAN SINGH,Indian National Congress,3744                                              ,Result Declared,PRATAP SINGH,Bharatiya Janata Party,61385
Chittorgarh,169,CHANDRABHAN SINGH AAKYA,Bharatiya Janata Party,SURENDRA SINGH JADAWAT,Indian National Congress,23894                                             ,Result Declared,CHANDRABHAN SINGH (AKYA),Bharatiya Janata Party,11850
Chohtan ,140,PADMARAM,Indian National Congress,ADU RAM MEGHWAL,Bharatiya Janata Party,4262                                              ,Result Declared,TARUN RAI KAGA,Bharatiya Janata Party,23526
Chomu,43,RAMLAL SHARMA,Bharatiya Janata Party,BHAGWAN SAHAI SAINI,Indian National Congress,1288                                              ,Result Declared,RAMLAL SHARMA,Bharatiya Janata Party,44473
Chorasi ,161,RAJKUMAR ROAT,Bhartiya Tribal Party,SUSHIL KATARA,Bharatiya Janata Party,12934                                             ,Result Declared,SUSHIL KATARA,Bharatiya Janata Party,20313
Churu,22,RAJENDRA RATHORE,Bharatiya Janata Party,RAFIQUE MANDELIA,Indian National Congress,1850                                              ,Result Declared,RAJENDRA RATHORE,Bharatiya Janata Party,24002
Civil lines,51,PRATAP SINGH KHACHARIYAWAS,Indian National Congress,ARUN CHATURVEDI,Bharatiya Janata Party,18078                                             ,Result Declared,ARUN CHATURVEDI,Bharatiya Janata Party,11129
Dag ,197,KALURAM,Bharatiya Janata Party,MADAN LAL,Indian National Congress,19513                                             ,Result Declared,RAMCHANDRA,Bharatiya Janata Party,50397
DANTARAMGARH,36,VIRENDRA SINGH,Indian National Congress,HARISH CHAND KUMAWAT,Bharatiya Janata Party,920                                               ,Result Declared,NARAYAN SINGH,Indian National Congress,575
Dausa ,88,MURARI LAL,Indian National Congress,SHANKAR LAL SHARMA,Bharatiya Janata Party,50948                                             ,Result Declared,SHANKAR LAL SHARMA,Bharatiya Janata Party,25172
Deedwana,107,CHETAN SINGH CHOUDHARY,Indian National Congress,JITENDRA SINGH,Bharatiya Janata Party,40602                                             ,Result Declared,YOONUS KHAN,Bharatiya Janata Party,11444
Deeg-kumher,72,VISHVENDRA SINGH,Indian National Congress,DR. SHAILESH SINGH,Bharatiya Janata Party,8218                                              ,Result Declared,VISHVENDRA SINGH,Indian National Congress,11162
Degana,112,VIJAYPAL MIRDHA,Indian National Congress,AJAY SINGH KILAK,Bharatiya Janata Party,21538                                             ,Result Declared,AJAY SINGH,Bharatiya Janata Party,14482
Deoli - uniara,97,HARISH CHANDRA MEENA,Indian National Congress,RAJENDRA GURJAR,Bharatiya Janata Party,21476                                             ,Result Declared,RAJENDRA GUJAR,Bharatiya Janata Party,29635
Dhariyawad  ,157,GOTAM LAL,Bharatiya Janata Party,NAGRAJ,Indian National Congress,23842                                             ,Result Declared,GOTAM LAL,Bharatiya Janata Party,7174
DHOD,34,PARASRAM MORDIA,Indian National Congress,PEMA RAM,Communist Party of India  (Marxist),14053                                             ,Result Declared,GORDHAN,Bharatiya Janata Party,45071
Dholpur,79,SHOBHARANI KUSHWAH,Bharatiya Janata Party,DR. SHIV CHARAN SINGH KUSHAWAH,Indian National Congress,19360                                             ,Result Declared,B. L . KUSHWAH,Bahujan Samaj Party,9209
Dudu ,45,BABULAL NAGAR,Independent,DR. PREM CHAND BAIRWA,Bharatiya Janata Party,14779                                             ,Result Declared,DR.PREMCHAND BAIRWA,Bharatiya Janata Party,33720
Dungarpur ,158,GANESH GHOGRA,Indian National Congress,MADHAVLAL VARAHAT,Bharatiya Janata Party,27898                                             ,Result Declared,DEVENDRA KATARA,Bharatiya Janata Party,3845
Fatehpur,32,HAKAM ALI KHAN,Indian National Congress,SUNITA KUMARI,Bharatiya Janata Party,860                                               ,Result Declared,NAND KISHORE  MAHARIA,Independent,3926
Ganganagar,2,RAJ KUMAR GAUR,Independent,ASHOK CHANDAK,Indian National Congress,9180                                              ,Result Declared,KAMINI JINDAL,National Unionist Zamindara Party,37068
Gangapur,90,RAMKESH,Independent,MANSINGH GURJAR,Bharatiya Janata Party,10066                                             ,Result Declared,MAN SINGH,Bharatiya Janata Party,28375
Garhi ,163,KAILASH CHANDRA MEENA,Bharatiya Janata Party,KANTA BHIL,Indian National Congress,24401                                             ,Result Declared,JEETMAL KHANT,Bharatiya Janata Party,24450
Ghatol ,162,HARENDRA NINAMA,Bharatiya Janata Party,NANALAL NINAMA,Indian National Congress,4449                                              ,Result Declared,NAVANIT LAL,Bharatiya Janata Party,27198
Gogunda ,149,PRATAP LAL BHEEL (GAMETI),Bharatiya Janata Party,DR. MANGI LAL GARASIYA,Indian National Congress,4411                                              ,Result Declared,PRATAP LAL BHEEL,Bharatiya Janata Party,3345
Gudhamalani,139,HEMARAM CHOUDHARY,Indian National Congress,LADU RAM,Bharatiya Janata Party,13564                                             ,Result Declared,LADU RAM,Bharatiya Janata Party,33155
Hanumangarh,8,VINOD KUMAR,Indian National Congress,RAMPRATAP,Bharatiya Janata Party,15522                                             ,Result Declared,RAMPRATAP,Bharatiya Janata Party,30487
Hawa mahal,49,DR. MAHESH JOSHI,Indian National Congress,SURENDRA PAREEK,Bharatiya Janata Party,9282                                              ,Result Declared,SURENDRA PAREEK,Bharatiya Janata Party,12715
Hindaun ,82,BHAROSI LAL,Indian National Congress,MANJU KHAIRWAL,Bharatiya Janata Party,26780                                             ,Result Declared,RAJKUMARI,Bharatiya Janata Party,8111
Hindoli,184,ASHOK,Indian National Congress,OMENDRA SINGH HADA,Bharatiya Janata Party,30541                                             ,Result Declared,ASHOK,Indian National Congress,18453
Jahazpur,182,GOPI CHAND MEENA,Bharatiya Janata Party,DHEERAJ GURJAR,Indian National Congress,13253                                             ,Result Declared,DHIRAJ GURJAR,Indian National Congress,4262
Jaisalmer,132,ROOPARAM,Indian National Congress,SANGSINGH BHATI,Bharatiya Janata Party,29778                                             ,Result Declared,CHHOTU SINGH,Bharatiya Janata Party,2867
Jaitaran,116,AVINASH,Bharatiya Janata Party,DILIP CHOUDHARY,Indian National Congress,12188                                             ,Result Declared,SURENDRA GOYAL,Bharatiya Janata Party,34874
Jalore ,142,JOGESHWAR GARG,Bharatiya Janata Party,MANJU MEGHWAL,Indian National Congress,35234                                             ,Result Declared,AMRITA MEGHWAL,Bharatiya Janata Party,46800
Jamwa ramgarh ,48,GOPAL LAL MEENA,Indian National Congress,MAHENDRA PAL MEENA,Bharatiya Janata Party,21684                                             ,Result Declared,JAGDISH NARAYAN ,Bharatiya Janata Party,31901
Jayal ,108,MANJU DEVI,Indian National Congress,ANIL,Rashtriya Loktantrik Party,18604                                             ,Result Declared,DR. MANJU BAGHMAR,Bharatiya Janata Party,13109
Jhadol  ,150,BABU LAL,Bharatiya Janata Party,SUNIL KUMAR BHAJAT,Indian National Congress,12947                                             ,Result Declared,HEERALAL DARANGI,Indian National Congress,4684
Jhalrapatan,198,VASUNDHARA RAJE,Bharatiya Janata Party,MANVENDRA SINGH,Indian National Congress,34980                                             ,Result Declared,VASUNDHRA RAJE,Bharatiya Janata Party,60896
Jhotwara,46,LALCHAND KATARIA,Indian National Congress,RAJPAL SINGH SHEKHAWAT,Bharatiya Janata Party,10747                                             ,Result Declared,RAJPAL SINGH SHEKHAWAT,Bharatiya Janata Party,19602
Jhunjhunu,27,BRIJENDRA SINGH OLA,Indian National Congress,RAJENDRA SINGH BHAMBOO,Bharatiya Janata Party,40565                                             ,Result Declared,BRIJENDRA SINGH OLA,Indian National Congress,18412
Jodhpur,128,MANISHA PANWAR,Indian National Congress,ATUL BHANSALI,Bharatiya Janata Party,5849                                              ,Result Declared,KAILASH BHANSHALI,Bharatiya Janata Party,14510
Kaman,70,ZAHIDA KHAN,Indian National Congress,JAWAHAR SINGH BEADHAM,Bharatiya Janata Party,39621                                             ,Result Declared,KU. JAGAT SINGH,Bharatiya Janata Party,3357
Kapasan,167,ARJUN LAL JINGAR,Bharatiya Janata Party,ANANDI RAM,Indian National Congress,7002                                              ,Result Declared,ARJUN LAL JEENGAR,Bharatiya Janata Party,30246
Karanpur,3,GURMEET SINGH KOONER,Indian National Congress,PRITHIPAL SINGH,Independent,28376                                             ,Result Declared,SURENDER PAL SINGH,Bharatiya Janata Party,3853
Karauli,83,LAKHAN SINGH,Bahujan Samaj Party,DARSHAN SINGH,Indian National Congress,9562                                              ,Result Declared,DARSHAN SINGH,Indian National Congress,17167
Kathumar ,69,BABULAL,Indian National Congress,BABULAL MANAGER,Bharatiya Janata Party,14168                                             ,Result Declared,MANGAL RAM,Bharatiya Janata Party,15730
Kekri ,105,RAGHU SHARMA,Indian National Congress,RAJENDRA VINAYAKA,Bharatiya Janata Party,19461                                             ,Result Declared,SHATRUGHAN GAUTAM,Bharatiya Janata Party,8867
Keshoraipatan ,185,CHANDRAKANTA MEGHWAL,Bharatiya Janata Party,RAKESH BOYAT,Indian National Congress,7119                                              ,Result Declared,BABOO LAL VERMA,Bharatiya Janata Party,12731
Khajuwala ,12,GOVIND RAM,Indian National Congress,DR. VISHWANATH,Bharatiya Janata Party,31089                                             ,Result Declared,VISHWANATH,Bharatiya Janata Party,8357
Khandar,93,ASHOK,Indian National Congress,JITENDRA KUMAR GOTHWAL,Bharatiya Janata Party,27949                                             ,Result Declared,JITENDRA KUMAR GOTHWAL,Bharatiya Janata Party,19342
Khandela,37,MAHADEO SINGH,Independent,BANSHIDHAR BAJIYA,Bharatiya Janata Party,4348                                              ,Result Declared,BANSHIDHAR,Bharatiya Janata Party,35394
Khanpur,199,NARENDRA NAGAR,Bharatiya Janata Party,SURESH,Indian National Congress,2265                                              ,Result Declared,NARENDRA NAGAR,Bharatiya Janata Party,30956
Kherwara ,151,DAYARAM PARMAR,Indian National Congress,NANALAL AHARI,Bharatiya Janata Party,24991                                             ,Result Declared,NANA LAL AHARI,Bharatiya Janata Party,11166
Khetri,31,JITENDRA SINGH,Indian National Congress,DHARMPAL,Bharatiya Janata Party,957                                               ,Result Declared,POORANMAL SAINI,Bahujan Samaj Party,7850
Khinwsar,110,HANUMAN BENIWAL,Rashtriya Loktantrik Party,SAVAI SINGH CHAUDHARY,Indian National Congress,16948                                             ,Result Declared,HANUMAN BENIWAL,Independent,23020
Kishan pole,52,AMIN KAGZI,Indian National Congress,MOHAN LAL GUPTA,Bharatiya Janata Party,8770                                              ,Result Declared,MOHAN LAL GUPTA,Bharatiya Janata Party,9685
Kishanganj ,194,NIRMALA SAHARIYA,Indian National Congress,LALIT MEENA,Bharatiya Janata Party,14136                                             ,Result Declared,LALIT KUMAR,Bharatiya Janata Party,12982
Kishangarh,98,SURESH TAK,Independent,VIKASH CHOUDHARY,Bharatiya Janata Party,17452                                             ,Result Declared,BHAGIRATH CHOUDHARY,Bharatiya Janata Party,31074
Kishangarh bas,60,DEEPCHAND,Bahujan Samaj Party,RAMHET SINGH YADAV,Bharatiya Janata Party,9916                                              ,Result Declared,RAMHET SINGH YADAV,Bharatiya Janata Party,14816
Kolayat,15,BHANWAR SINGH BHATI,Indian National Congress,POONAM KANWAR BHATI,Bharatiya Janata Party,11016                                             ,Result Declared,BHANWAR SINGH,Indian National Congress,1134
Kota North,189,SHANTI KUMAR DHARIWAL,Indian National Congress,PRAHLAD GUNJAL,Bharatiya Janata Party,17945                                             ,Result Declared,PRAHLAD GUNJAL,Bharatiya Janata Party,14861
Kota South,190,SANDEEP SHARMA,Bharatiya Janata Party,RAKHI GAUTAM,Indian National Congress,7534                                              ,Result Declared,OM BIRLA,Bharatiya Janata Party,49439
Kotputli ,40,RAJENDRA SINGH YADAV,Indian National Congress,MUKESH GOYAL,Bharatiya Janata Party,13876                                             ,Result Declared,RAJENDRA SINGH YADAV,Indian National Congress,24687
Kumbhalgarh,174,SURENDRA SINGH RATHORE,Bharatiya Janata Party,GANESH SINGH,Indian National Congress,18443                                             ,Result Declared,SURENDRA SINGH RATHORE,Bharatiya Janata Party,27606
Kushalgarh ,166,RAMILA KHADIYA,Independent,BHIMA BHAI,Bharatiya Janata Party,18950                                             ,Result Declared,BHIMA BHAI,Bharatiya Janata Party,708
Lachhmangarh,33,GOVIND SINGH DOTASARA,Indian National Congress,DINESH JOSHI,Bharatiya Janata Party,22052                                             ,Result Declared,GOVIND SINGH DOTASARA,Indian National Congress,10723
Ladnun,106,MUKESH KUMAR BHAKAR,Indian National Congress,MANOHAR SINGH,Bharatiya Janata Party,12947                                             ,Result Declared,MANOHAR SINGH,Bharatiya Janata Party,23051
Ladpura ,191,KALPANA DEVI,Bharatiya Janata Party,GULANAJ GUDDU,Indian National Congress,21656                                             ,Result Declared,BHAWANI SINGH RAJAWAT,Bharatiya Janata Party,16206
Lalsot ,89,PARSADI LAL,Indian National Congress,RAMBILAS,Bharatiya Janata Party,9074                                              ,Result Declared,DR. KIRODI LAL,National People’s Party,491
Lohawat,123,KISANA RAM VISHNOI,Indian National Congress,GAJENDRA SINGH,Bharatiya Janata Party,40876                                             ,Result Declared,GAJENDRA SINGH,Bharatiya Janata Party,19814
Luni,130,MAHENDRA VISHNOI,Indian National Congress,JOGARAM PATEL,Bharatiya Janata Party,9157                                              ,Result Declared,JOGARAM PATEL,Bharatiya Janata Party,35940
Lunkaransar,16,SUMIT GODARA,Bharatiya Janata Party,VIRENDRA BENIWAL,Indian National Congress,10853                                             ,Result Declared,MANIK CHAND SURANA,Independent,4817
Mahuwa,86,OM PRAKASH HUDLA,Independent,RAJENDRA,Bharatiya Janata Party,9985                                              ,Result Declared,OMPRAKASH,Bharatiya Janata Party,15658
Makrana,113,ROOPA RAM,Bharatiya Janata Party,JAKIR HUSSAIN GESAWAT,Indian National Congress,1488                                              ,Result Declared,SHREERAM BHINCHAR,Bharatiya Janata Party,11778
Malpura,94,KANHIYA LAL,Bharatiya Janata Party,RANVEER PHALWAN,Rashtriya Lok Dal,29786                                             ,Result Declared,KANHIYALAL,Bharatiya Janata Party,40221
Malviya Nagar,54,KALICHARAN SARAF,Bharatiya Janata Party,DR. ARCHANA SHARMA,Indian National Congress,1704                                              ,Result Declared,KALICHARAN SARAF,Bharatiya Janata Party,48718
Mandal,178,RAMLAL JAT,Indian National Congress,PRADHYUMAN SINGH (HAPPY BANNA),Independent,8065                                              ,Result Declared,KALU LAL GUJAR,Bharatiya Janata Party,41434
Mandalgarh ,183,GOPAL LAL SHARMA,Bharatiya Janata Party,VIVEK DHAKAR,Indian National Congress,10333                                             ,Result Declared,KIRTIKUMARI,Bharatiya Janata Party,18540
Mandawa,28,NARENDRA KUMAR,Bharatiya Janata Party,KUM. RITA  CHOUDHARY,Indian National Congress,2346                                              ,Result Declared,NARENDRA KUMAR,Independent,17118
Manohar thana,200,GOVIND PRASAD,Bharatiya Janata Party,KAILASH CHAND,Indian National Congress,21869                                             ,Result Declared,KANWAR LAL,Bharatiya Janata Party,34666
Marwar junction,119,KHUSHVEER SINGH,Independent,KESARAM CHOUDHARY,Bharatiya Janata Party,251                                               ,Result Declared,KESARAM CHOUDHARY,Bharatiya Janata Party,13653
Masuda,104,RAKESH PAREEK,Indian National Congress,SUSHIL KANWAR,Bharatiya Janata Party,3374                                              ,Result Declared,SUSHIL KANWAR ,Bharatiya Janata Party,4475
Mavli,154,DHARMNARAYAN JOSHI,Bharatiya Janata Party,PUSHKAR LAL DANGI,Indian National Congress,26978                                             ,Result Declared,DALI CHAND DANGI,Bharatiya Janata Party,23465
Merta ,111,INDIRA DEVI,Rashtriya Loktantrik Party,LAXMAN RAM MEGHWAL,Independent,12835                                             ,Result Declared,SUKHARAM,Bharatiya Janata Party,35549
Mundawar,61,MANJEET DHARAMPAL CHOUDHARY,Bharatiya Janata Party,LALIT YADAV,Bahujan Samaj Party,17602                                             ,Result Declared,DHARAM PAL CHOUDHARY,Bharatiya Janata Party,29417
Nadbai ,74,JOGINDER SINGH AWANA,Bahujan Samaj Party,KRISHNENDRA KAUR (DEEPA),Bharatiya Janata Party,4094                                              ,Result Declared,KRISHNENDRA KAUR (DEEPA),Bharatiya Janata Party,14556
Nagar,71,WAJIB ALI,Bahujan Samaj Party,NEM SINGH,Samajwadi Party,25467                                             ,Result Declared,ANITA,Bharatiya Janata Party,8113
NAGAUR,109,MOHAN RAM CHOUDHARY,Bharatiya Janata Party,HABIBUR REHMAN ASHRAFI LAMBA,Indian National Congress,13008                                             ,Result Declared,HABIBUR RAHMAN ASHRAFI LAMBA,Bharatiya Janata Party,5855
Nasirabad,102,RAMSWAROOP LAMBA,Bharatiya Janata Party,RAMNARAIN,Indian National Congress,16684                                             ,Result Declared,SANWAR LAL,Bharatiya Janata Party,28900
Nathdwara,176,C. P. JOSHI,Indian National Congress,MAHESH PRATAP SINGH,Bharatiya Janata Party,16940                                             ,Result Declared,KALYANSINGH CHOUHAN,Bharatiya Janata Party,12472
Nawalgarh,29,DR. RAJKUMAR SHARMA,Indian National Congress,RAVI SAINI,Bharatiya Janata Party,36500                                             ,Result Declared,DR. RAJKUMAR SHARMA,Independent,33566
Nawan,115,MAHENDRA CHOUDHARY,Indian National Congress,VIJAY SINGH,Bharatiya Janata Party,2256                                              ,Result Declared,VIJAY SINGH,Bharatiya Janata Party,29779
Neem ka Thana,38,SURESH MODI,Indian National Congress,PREM SINGH BAJORE,Bharatiya Janata Party,12615                                             ,Result Declared,PREM SINGH BAJOR,Bharatiya Janata Party,34202
Nimbahera,170,ANJANA UDAILAL,Indian National Congress,SHRICHAND KRIPLANI,Bharatiya Janata Party,11908                                             ,Result Declared,SHRICHAND KRIPLANI,Bharatiya Janata Party,3370
Niwai ,95,PRASHANT BAIRWA,Indian National Congress,RAM SAHAY VERMA,Bharatiya Janata Party,43889                                             ,Result Declared,HIRA LAL,Bharatiya Janata Party,5936
Nohar,10,AMIT CHACHAN,Indian National Congress,ABHISHEK MATORIA,Bharatiya Janata Party,13727                                             ,Result Declared,ABHISHEK MATORIA,Bharatiya Janata Party,26951
Nokha,18,BIHARILAL,Bharatiya Janata Party,RAMESHWAR DUDI,Indian National Congress,8663                                              ,Result Declared,RAMESHWAR LAL DUDI,Indian National Congress,30794
Osian,125,DIVYA MADERNA,Indian National Congress,BHERA RAM CHOUDHARY,Bharatiya Janata Party,27590                                             ,Result Declared,BHAIRA RAM CHOUDHARY,Bharatiya Janata Party,15396
Pachpadra,137,MADAN PRAJAPAT,Indian National Congress,AMARA RAM,Bharatiya Janata Party,2395                                              ,Result Declared,AMRA RAM,Bharatiya Janata Party,23237
Pali,118,GYANCHAND PARAKH,Bharatiya Janata Party,BHEEMRAJ BHATI,Independent,19386                                             ,Result Declared,GYANCHAND PARAKH,Bharatiya Janata Party,13673
Parbatsar,114,RAMNIWAS GAWRIYA,Indian National Congress,MAN SINGH KINSARIYA,Bharatiya Janata Party,14485                                             ,Result Declared,MANSINGH KINSARIYA,Bharatiya Janata Party,16298
Phalodi,122,PABBA RAM,Bharatiya Janata Party,MAHESH KUMAR,Indian National Congress,8737                                              ,Result Declared,PABBA RAM,Bharatiya Janata Party,34171
Phulera ,44,NIRMAL KUMAWAT,Bharatiya Janata Party,VIDHYADHAR SINGH,Indian National Congress,1132                                              ,Result Declared,NIRMAL KUMAWAT,Bharatiya Janata Party,24297
Pilani ,25,J.P. CHANDELIA,Indian National Congress,KAILASH CHAND,Bharatiya Janata Party,13539                                             ,Result Declared,SUNDERLAL,Bharatiya Janata Party,13996
Pilibanga ,9,DHARMENDRA KUMAR,Bharatiya Janata Party,VINOD KUMAR,Indian National Congress,278                                               ,Result Declared,DROPATI,Bharatiya Janata Party,10198
Pindwara abu ,147,SAMA RAM GRASIYA,Bharatiya Janata Party,LALA RAM GRASIYA,Indian National Congress,26974                                             ,Result Declared,SAMARAM GRASIYA,Bharatiya Janata Party,30855
Pipalda,187,RAMNARAIN MEENA,Indian National Congress,MAMTA SHARMA,Bharatiya Janata Party,14905                                             ,Result Declared,VIDHYASHANKAR NANDWANA,Bharatiya Janata Party,7749
Pokaran,133,SHALE MOHAMMAD,Indian National Congress,PRATAPPURI,Bharatiya Janata Party,872                                               ,Result Declared,SHAITAN SINGH,Bharatiya Janata Party,34444
Pratapgarh ,172,RAMLAL,Indian National Congress,HEMANT,Bharatiya Janata Party,16680                                             ,Result Declared,NANDLAL MEENA,Bharatiya Janata Party,31938
Pushkar,99,SURESH SINGH RAWAT,Bharatiya Janata Party,NASIM AKHTAR INSAF,Indian National Congress,9389                                              ,Result Declared,SURESH SINGH RAWAT,Bharatiya Janata Party,41290
Raisingh Nagar,5,BALVEER SINGH LUTHRA,Bharatiya Janata Party,SHYOPAT RAM,Communist Party of India  (Marxist),33671                                             ,Result Declared,SONADEVI,National Unionist Zamindara Party,21238
Rajakhera,80,ROHIT BOHRA,Indian National Congress,ASHOK SHARMA,Bharatiya Janata Party,14991                                             ,Result Declared,PRADHYUMN SINGH,Indian National Congress,26012
Rajgarh laxmangarh ,68,JOHARI LAL MEENA,Indian National Congress,VIJAY SAMARTH LAL,Bharatiya Janata Party,30298                                             ,Result Declared,GOLMA,National People’s Party,8128
Rajsamand,175,KIRAN MAHESHWARI,Bharatiya Janata Party,NARAYAN SINGH BHATI,Indian National Congress,24623                                             ,Result Declared,KIRAN MAHESHWARI,Bharatiya Janata Party,30575
Ramganj mandi ,192,MADAN DILAWAR,Bharatiya Janata Party,RAMGOPAL,Indian National Congress,12879                                             ,Result Declared,CHANDRAKANTA MEGHWAL,Bharatiya Janata Party,36919
Raniwara,145,NARAYAN SINGH DEWAL,Bharatiya Janata Party,RATAN,Indian National Congress,3405                                              ,Result Declared,NARAYAN SINGH DEWAL,Bharatiya Janata Party,32652
Ratangarh,23,ABHINESH MAHARSHI,Bharatiya Janata Party,POOSARAM GODARA,Independent,11881                                             ,Result Declared,RAJ KUMAR RINWA,Bharatiya Janata Party,25158
Reodar ,148,JAGASI RAM,Bharatiya Janata Party,NEERAJ DANGI,Indian National Congress,14604                                             ,Result Declared,JAGASI RAM,Bharatiya Janata Party,32244
Sadulpur,19,KRISHNA POONIA,Indian National Congress,MANOJ NYANGALI,Bahujan Samaj Party,18084                                             ,Result Declared,MANOJ KUMAR,Bahujan Samaj Party,4826
Sadulshahar,1,JAGDISH CHANDER,Indian National Congress,GURVEER SINGH BRAR,Bharatiya Janata Party,9676                                              ,Result Declared,GURJANT SINGH,Bharatiya Janata Party,4808
Sagwara ,160,RAMPRASAD,Bhartiya Tribal Party,SHANKARLAL,Bharatiya Janata Party,4582                                              ,Result Declared,ANITA KATARA,Bharatiya Janata Party,640
Sahara,179,KAILASH CHANDRA TRIVEDI,Indian National Congress,ROOP LAL JAT,Bharatiya Janata Party,7006                                              ,Result Declared,DR. BALU RAM CHAUDHARY,Bharatiya Janata Party,20756
Salumber ,156,AMRIT LAL MEENA,Bharatiya Janata Party,RAGUVIR SINGH,Indian National Congress,21918                                             ,Result Declared,AMRIT LAL,Bharatiya Janata Party,36651
Sanchore,144,SUKHRAM VISHNOI,Indian National Congress,DANA RAM CHOUDHARY,Bharatiya Janata Party,25918                                             ,Result Declared,SUKHRAM VISHNOI,Indian National Congress,24055
Sanganer,55,ASHOK LAHOTY,Bharatiya Janata Party,PUSHPENDRA BHARDWAJ,Indian National Congress,35405                                             ,Result Declared,GHANSHYAM TIWARI,Bharatiya Janata Party,65350
Sangaria,7,GURDEEP SINGH,Bharatiya Janata Party,SHABNAM GODARA,Indian National Congress,6538                                              ,Result Declared,KRISHAN KADVA,Bharatiya Janata Party,11601
Sangod,188,BHARAT SINGH KUNDANPUR,Indian National Congress,HEERA LAL NAGAR,Bharatiya Janata Party,1868                                              ,Result Declared,HEERALAL NAGAR,Bharatiya Janata Party,19232
Sapotra ,84,RAMESH CHAND MEENA,Indian National Congress,GOLMA,Bharatiya Janata Party,14104                                             ,Result Declared,RAMESH,Indian National Congress,6232
Sardarpura,127,ASHOK GEHLOT,Indian National Congress,SHAMBHU SINGH,Bharatiya Janata Party,45597                                             ,Result Declared,ASHOK GEHLOT,Indian National Congress,18478
Sardarshahar,21,BHANWARLAL SHARMA,Indian National Congress,ASHOK KUMAR,Bharatiya Janata Party,16816                                             ,Result Declared,BHANWARLAL,Indian National Congress,7057
Sawai madhopur,92,DANISH ABRAR,Indian National Congress,ASHA MEENA,Bharatiya Janata Party,25199                                             ,Result Declared,RAJKUMARI DIYAKUMARI,Bharatiya Janata Party,7532
Shahpura,42,ALOK BENIWAL,Independent,MANISH YADAV,Indian National Congress,3855                                              ,Result Declared,RAO RAJENDRA SINGH,Bharatiya Janata Party,2397
Shahpura,181,KAILASH CHANDRA MEGHWAL,Bharatiya Janata Party,MAHAVEER PRASAD,Indian National Congress,74542                                             ,Result Declared,KAILASH CHANDRA MEGHWAL,Bharatiya Janata Party,43666
Sheo,134,AMEEN KHAN,Indian National Congress,KHANGAR SINGH SODHA,Bharatiya Janata Party,23554                                             ,Result Declared,MANVENDRA SINGH,Bharatiya Janata Party,31425
Shergarh,124,MEENA KANWAR,Indian National Congress,BABU SINGH RATHORE,Bharatiya Janata Party,24696                                             ,Result Declared,BABU SINGH,Bharatiya Janata Party,6327
SHREE DUNGARGARH,17,GIRDHARILAL,Communist Party of India  (Marxist),MANGALARAM,Indian National Congress,23896                                             ,Result Declared,KISHANA RAM,Bharatiya Janata Party,16202
Sikar,35,RAJENDRA PAREEK,Indian National Congress,RATANLAL JALDHARI,Bharatiya Janata Party,15180                                             ,Result Declared,RATAN LAL JALDHARI,Bharatiya Janata Party,13015
Sikrai ,87,MAMTA BHUPESH,Indian National Congress,VIKRAM BANSIWAL,Bharatiya Janata Party,33783                                             ,Result Declared,GEETA VERMA,National People’s Party,3699
Sirohi,146,SANYAM LODHA,Independent,OTARAM DEVASI,Bharatiya Janata Party,10253                                             ,Result Declared,OTA RAM,Bharatiya Janata Party,24439
Siwana,138,HAMEER SINGH BHAYAL,Bharatiya Janata Party,BALARAM,Independent,957                                               ,Result Declared,HAMEERSINGH BHAYAL,Bharatiya Janata Party,20701
Sojat ,117,SHOBHA CHAUHAN,Bharatiya Janata Party,SHOBHA SOLANKI,Indian National Congress,32398                                             ,Result Declared,SANJNA AGARI,Bharatiya Janata Party,20756
Soorsagar,129,SURYAKANTA VYAS,Bharatiya Janata Party,PROFESSOR AYYUB KHAN,Indian National Congress,5763                                              ,Result Declared,SURYAKANTA VYAS,Bharatiya Janata Party,20745
Srimadhopur,39,DEEPENDRA SINGH,Indian National Congress,JHABAR SINGH KHARRA,Bharatiya Janata Party,11810                                             ,Result Declared,JHABAR SINGH KHARRA,Bharatiya Janata Party,7902
Sujangarh ,24,MASTER BHANWARLAL MEGHWAL,Indian National Congress,KHEMARAM,Bharatiya Janata Party,38749                                             ,Result Declared,KHEMARAM,Bharatiya Janata Party,13649
Sumerpur,121,JORARAM KUMAWAT,Bharatiya Janata Party,RANJU RAMAWAT,Indian National Congress,32932                                             ,Result Declared,MADAN RATHORE,Bharatiya Janata Party,42643
Surajgarh,26,SUBHASH POONIA S/O LOKRAM POONIA,Bharatiya Janata Party,SHARWAN KUMAR S/O GOKAL RAM,Indian National Congress,3425                                              ,Result Declared,SANTOSH AHLAWAT,Bharatiya Janata Party,50219
Suratgarh,4,RAMPRATAP KASNIYAN,Bharatiya Janata Party,HANUMAN MEEL,Indian National Congress,10235                                             ,Result Declared,RAJENDAR SINGH BHADU,Bharatiya Janata Party,26779
Taranagar,20,NARENDRA BUDANIYA,Indian National Congress,RAKESH JANGIR,Bharatiya Janata Party,12555                                             ,Result Declared,JAI NARAYAN POONIYA,Bharatiya Janata Party,11136
Thanagazi,64,KANTI PRASAD,Independent,HEM SINGH,Independent,29350                                             ,Result Declared,HEM SINGH BHADANA,Bharatiya Janata Party,3732
Tijara,59,SANDEEP KUMAR,Bahujan Samaj Party,AIMADUDDIN AHMAD KHAN URF DURRU MIAN,Indian National Congress,4457                                              ,Result Declared,MASTER MAMAN SINGH YADAV,Bharatiya Janata Party,37994
Todabhim ,81,PRITHVIRAJ,Indian National Congress,RAMESH CHAND,Bharatiya Janata Party,73306                                             ,Result Declared,GHANSHYAM,Indian National Congress,7009
Tonk,96,SACHIN PILOT,Indian National Congress,YOONUS KHAN,Bharatiya Janata Party,54179                                             ,Result Declared,AJIT SINGH,Bharatiya Janata Party,30343
Udaipur,153,GULAB CHAND KATARIA,Bharatiya Janata Party,GIRIJA VYAS,Indian National Congress,9307                                              ,Result Declared,GULAB CHAND KATARIA,Bharatiya Janata Party,24608
Udaipur Rural,152,PHOOL SINGH MEENA,Bharatiya Janata Party,VIVEK KATARA,Indian National Congress,18707                                             ,Result Declared,PHOOL SINGH MEENA,Bharatiya Janata Party,13764
Udaipurwati,30,RAJENDRASINGH GUDHA,Bahujan Samaj Party,SHUBHKARAN CHOUDHARY,Bharatiya Janata Party,5534                                              ,Result Declared,SHUBHKARAN CHOUDHARY,Bharatiya Janata Party,11871
Vallabh Nagar,155,GAJENDRA SINGH SHAKTAWAT,Indian National Congress,M. RANDHIR SINGH BHINDER,Janta Sena Rajasthan,3719                                              ,Result Declared,M. RANDHIR SINGH BHINDER,Independent,13167
Vidhyadhar Nagar,50,NARPAT SINGH RAJVI,Bharatiya Janata Party,SITARAM AGARWAL,Indian National Congress,31232                                             ,Result Declared,NARPAT SINGH RAJVI,Bharatiya Janata Party,37913
Viratnagar,41,INDRAJ SINGH GURJAR,Indian National Congress,KULDEEP DHANKAD,Independent,19367                                             ,Result Declared,DR. PHOOLCHAND BHINDA,Bharatiya Janata Party,9398
Weir ,75,BHAJAN LAL JATAV,Indian National Congress,RAMSWAROOP KOLI,Bharatiya Janata Party,15283                                             ,Result Declared,BAHADUR SINGH,Bharatiya Janata Party,13423
